feature,count,null_count,null_pct,mean,std,min,max,nunique
tab_consensus_prob,1814,0,0.0,0.459657,0.202401,0.055122,0.935792,1809
tab_sharp_prob,1814,0,0.0,0.455039,0.202742,0.052743,0.934598,515
tab_retail_sharp_diff,1814,0,0.0,0.009333,0.008848,-0.021622,0.071897,1462
tab_num_bookmakers,1814,0,0.0,7.829658,1.206461,5.0,19.0,7
tab_is_weekend,1814,0,0.0,0.767365,0.422512,0.0,1.0,2
tab_day_of_week,1814,0,0.0,4.522602,1.701639,0.0,6.0,7
hours_until_event,1814,0,0.0,23.552336,1.064453,15.337222,44.045834,16
